{"cameraMode":{"drawMode":0,"name":"Shaded","section":"Shading Mode"},"sceneLighting":true,"audioPlay":false,"sceneViewState":{"showFog":true,"showMaterialUpdate":false,"showSkybox":true,"showFlares":true,"showImageEffects":true,"showParticleSystems":true},"in2DMode":false,"pivot":{"x":6.106252670288086,"y":-24.131961822509767,"z":10.110239028930664},"rotation":{"x":-0.47662270069122317,"y":0.001843781559728086,"z":-0.0009997938759624959,"w":-0.8791056871414185},"size":51.106483459472659,"orthographic":false}